sample,distance_m,dry_baseline_target_kmh,wet_slick_target_kmh
0,0.00,273.5,189.5
1,3.45,272.3,188.7
2,6.89,271.2,187.9
3,10.34,270.0,187.1
4,13.79,268.8,186.3
5,17.24,267.7,185.5
6,20.68,266.5,184.6
7,24.13,265.3,183.8
8,27.58,264.1,183.0
9,31.02,263.0,182.2
10,34.47,261.8,181.4
11,37.92,260.6,180.5
12,41.37,259.4,179.7
13,44.81,258.2,178.9
14,48.26,256.9,178.0
15,51.71,255.7,177.2
16,55.16,254.5,176.3
17,58.60,253.3,175.5
18,62.05,252.0,174.6
19,65.50,250.8,173.8
20,68.94,249.5,172.9
21,72.39,248.3,172.0
22,75.84,247.0,171.1
23,79.29,245.7,170.3
24,82.73,244.5,169.4
25,86.18,243.2,168.5
26,89.63,241.9,167.6
27,93.07,240.6,166.7
28,96.52,239.3,165.8
29,99.97,238.0,164.9
30,103.42,236.7,164.0
31,106.86,235.3,163.1
32,110.31,234.0,162.1
33,113.76,232.7,161.2
34,117.20,231.3,160.3
35,120.65,230.0,159.3
36,124.10,228.6,158.4
37,127.55,227.2,157.4
38,130.99,225.9,156.5
39,134.44,224.5,155.5
40,137.89,223.1,154.5
41,141.34,221.7,153.6
42,144.78,220.2,152.6
43,148.23,218.8,151.6
44,151.68,217.4,150.6
45,155.12,215.9,149.6
46,158.57,214.5,148.6
47,162.02,213.0,147.6
48,165.47,211.6,146.6
49,168.91,210.1,145.5
50,172.36,208.6,144.5
51,175.81,207.1,143.5
52,179.25,205.6,142.4
53,182.70,204.0,141.4
54,186.15,202.5,140.3
55,189.60,200.9,139.2
56,193.04,199.4,138.1
57,196.49,197.8,137.0
58,199.94,196.2,135.9
59,203.38,194.6,134.8
60,206.83,193.0,133.7
61,210.28,191.4,132.6
62,213.73,189.7,131.5
63,217.17,188.1,130.3
64,220.62,186.4,129.1
65,224.07,184.7,128.0
66,227.52,183.0,126.8
67,230.96,181.3,125.6
68,234.41,179.6,124.4
69,237.86,177.8,123.2
70,241.30,176.1,122.0
71,244.75,174.3,120.7
72,248.20,172.5,119.5
73,251.65,170.6,118.2
74,255.09,168.8,116.9
75,258.54,166.9,115.7
76,261.99,165.1,114.4
77,265.43,163.1,113.0
78,268.88,161.2,111.7
79,272.33,159.3,110.3
80,275.78,157.3,109.0
81,279.22,155.3,107.6
82,282.67,153.3,106.2
83,286.12,151.2,104.8
84,289.56,149.1,103.3
85,293.01,147.0,101.9
86,296.46,144.9,100.4
87,299.91,142.7,98.9
88,303.35,140.5,97.3
89,306.80,138.2,95.8
90,310.25,136.0,94.2
91,313.70,133.6,92.6
92,317.14,131.3,91.0
93,320.59,128.9,89.3
94,324.04,126.4,87.6
95,327.48,123.9,85.9
96,330.93,121.4,84.1
97,334.38,118.8,82.3
98,337.83,116.1,80.4
99,341.27,113.4,78.6
100,344.72,110.6,76.6
101,348.17,107.7,74.6
102,351.61,104.8,72.6
103,355.06,101.8,70.5
104,358.51,98.6,68.3
105,361.96,95.4,66.1
106,365.40,92.1,63.8
107,368.85,88.6,61.4
108,372.30,85.0,58.9
109,375.75,81.3,56.3
110,379.19,77.3,53.6
111,382.64,73.2,50.7
112,386.09,68.7,47.6
113,389.53,64.0,44.4
114,392.98,59.0,40.8
115,396.43,53.4,37.0
116,399.88,47.2,32.7
117,403.32,44.2,30.6
118,406.77,41.7,28.9
119,410.22,39.4,27.3
120,413.66,37.2,25.8
121,417.11,35.3,24.5
122,420.56,33.7,23.3
123,424.01,32.2,22.3
124,427.45,30.9,21.4
125,430.90,29.8,20.6
126,434.35,28.9,20.0
127,437.79,30.9,21.4
128,441.24,30.4,21.1
129,444.69,31.3,21.7
130,448.14,30.7,21.2
131,451.58,32.9,22.8
132,455.03,37.9,26.3
133,458.48,49.2,34.1
134,461.93,69.0,47.8
135,465.37,68.5,47.5
136,468.82,63.8,44.2
137,472.27,58.7,40.6
138,475.71,53.1,36.8
139,479.16,46.8,32.4
140,482.61,39.6,27.4
141,486.06,35.9,24.9
142,489.50,37.4,25.9
143,492.95,44.6,30.9
144,496.40,48.7,33.7
145,499.84,41.8,28.9
146,503.29,37.6,26.0
147,506.74,37.4,25.9
148,510.19,40.8,28.3
149,513.63,44.9,31.1
150,517.08,45.7,31.6
151,520.53,43.0,29.8
152,523.97,42.9,29.7
153,527.42,44.6,30.9
154,530.87,50.8,35.2
155,534.32,61.0,42.3
156,537.76,71.3,49.4
157,541.21,87.1,60.4
158,544.66,110.4,76.5
159,548.11,135.0,93.5
160,551.55,142.0,98.3
161,555.00,139.7,96.8
162,558.45,137.5,95.2
163,561.89,135.2,93.7
164,565.34,132.8,92.0
165,568.79,130.5,90.4
166,572.24,128.1,88.7
167,575.68,125.6,87.0
168,579.13,123.1,85.3
169,582.58,120.5,83.5
170,586.02,117.9,81.7
171,589.47,115.2,79.8
172,592.92,112.4,77.9
173,596.37,109.6,76.0
174,599.81,106.7,74.0
175,603.26,103.8,71.9
176,606.71,100.7,69.8
177,610.15,97.6,67.6
178,613.60,94.3,65.3
179,617.05,90.9,63.0
180,620.50,87.4,60.6
181,623.94,83.8,58.0
182,627.39,79.9,55.4
183,630.84,75.9,52.6
184,634.29,71.7,49.7
185,637.73,67.2,46.5
186,641.18,62.4,43.2
187,644.63,60.8,42.2
188,648.07,66.1,45.8
189,651.52,74.7,51.8
190,654.97,80.0,55.4
191,658.42,83.0,57.5
192,661.86,85.9,59.5
193,665.31,88.9,61.6
194,668.76,91.8,63.6
195,672.20,96.2,66.6
196,675.65,102.7,71.2
197,679.10,112.2,77.8
198,682.55,128.6,89.1
199,685.99,145.2,100.6
200,689.44,165.7,114.8
201,692.89,192.7,133.5
202,696.33,215.4,149.2
203,699.78,213.9,148.2
204,703.23,212.4,147.2
205,706.68,211.0,146.2
206,710.12,209.5,145.1
207,713.57,208.0,144.1
208,717.02,206.5,143.0
209,720.47,204.9,142.0
210,723.91,203.4,140.9
211,727.36,201.9,139.9
212,730.81,200.3,138.8
213,734.25,198.7,137.7
214,737.70,197.2,136.6
215,741.15,195.6,135.5
216,744.60,194.0,134.4
217,748.04,192.3,133.3
218,751.49,190.7,132.1
219,754.94,189.1,131.0
220,758.38,187.4,129.8
221,761.83,185.7,128.7
222,765.28,184.0,127.5
223,768.73,182.3,126.3
224,772.17,180.6,125.1
225,775.62,178.9,123.9
226,779.07,177.1,122.7
227,782.51,175.3,121.5
228,785.96,173.5,120.2
229,789.41,171.7,119.0
230,792.86,169.9,117.7
231,796.30,168.0,116.4
232,799.75,166.2,115.1
233,803.20,164.3,113.8
234,806.65,162.4,112.5
235,810.09,160.4,111.1
236,813.54,158.5,109.8
237,816.99,156.5,108.4
238,820.43,154.5,107.0
239,823.88,152.4,105.6
240,827.33,150.4,104.2
241,830.78,148.3,102.7
242,834.22,146.1,101.3
243,837.67,144.0,99.8
244,841.12,141.8,98.2
245,844.56,139.6,96.7
246,848.01,137.3,95.1
247,851.46,135.0,93.5
248,854.91,132.7,91.9
249,858.35,130.3,90.3
250,861.80,127.9,88.6
251,865.25,125.4,86.9
252,868.69,122.9,85.1
253,872.14,120.3,83.4
254,875.59,117.7,81.5
255,879.04,115.0,79.7
256,882.48,112.3,77.8
257,885.93,109.4,75.8
258,889.38,106.5,73.8
259,892.83,103.6,71.8
260,896.27,100.5,69.6
261,899.72,97.3,67.4
262,903.17,96.5,66.9
263,906.61,98.1,68.0
264,910.06,99.9,69.2
265,913.51,96.7,67.0
266,916.96,93.4,64.7
267,920.40,90.0,62.3
268,923.85,86.4,59.9
269,927.30,82.7,57.3
270,930.74,78.9,54.6
271,934.19,74.8,51.8
272,937.64,70.5,48.8
273,941.09,65.9,45.6
274,944.53,61.0,42.2
275,947.98,55.6,38.5
276,951.43,52.2,36.1
277,954.87,47.6,33.0
278,958.32,41.8,29.0
279,961.77,36.4,25.2
280,965.22,34.6,24.0
281,968.66,35.4,24.5
282,972.11,39.7,27.5
283,975.56,49.5,34.3
284,979.01,63.0,43.6
285,982.45,85.7,59.4
286,985.90,82.0,56.8
287,989.35,78.1,54.1
288,992.79,74.0,51.2
289,996.24,69.6,48.2
290,999.69,65.0,45.0
291,1003.14,67.2,46.5
292,1006.58,73.8,51.1
293,1010.03,80.4,55.7
294,1013.48,83.0,57.5
295,1016.92,79.1,54.8
296,1020.37,75.0,52.0
297,1023.82,70.7,49.0
298,1027.27,66.2,45.8
299,1030.71,61.3,42.4
300,1034.16,59.0,40.9
301,1037.61,62.0,43.0
302,1041.05,69.9,48.4
303,1044.50,80.5,55.8
304,1047.95,88.1,61.0
305,1051.40,93.8,65.0
306,1054.84,96.3,66.7
307,1058.29,95.7,66.3
308,1061.74,94.0,65.1
309,1065.19,92.2,63.9
310,1068.63,91.5,63.4
311,1072.08,89.8,62.2
312,1075.53,87.1,60.4
313,1078.97,83.9,58.1
314,1082.42,81.4,56.4
315,1085.87,79.5,55.1
316,1089.32,78.1,54.1
317,1092.76,77.4,53.7
318,1096.21,78.0,54.0
319,1099.66,80.7,55.9
320,1103.10,84.8,58.7
321,1106.55,89.7,62.1
322,1110.00,94.1,65.2
323,1113.45,97.2,67.3
324,1116.89,99.0,68.6
325,1120.34,98.4,68.2
326,1123.79,95.2,65.9
327,1127.24,91.8,63.6
328,1130.68,88.3,61.2
329,1134.13,84.7,58.7
330,1137.58,80.9,56.1
331,1141.02,77.0,53.3
332,1144.47,72.8,50.4
333,1147.92,68.4,47.4
334,1151.37,63.6,44.1
335,1154.81,60.5,41.9
336,1158.26,62.0,43.0
337,1161.71,73.0,50.5
338,1165.15,87.2,60.4
339,1168.60,98.4,68.2
340,1172.05,99.1,68.6
341,1175.50,110.1,76.3
342,1178.94,112.3,77.8
343,1182.39,109.5,75.8
344,1185.84,106.6,73.8
345,1189.28,103.6,71.8
346,1192.73,100.5,69.6
347,1196.18,97.4,67.5
348,1199.63,94.1,65.2
349,1203.07,90.7,62.8
350,1206.52,87.2,60.4
351,1209.97,87.3,60.5
352,1213.42,85.9,59.5
353,1216.86,82.2,56.9
354,1220.31,78.3,54.2
355,1223.76,77.4,53.6
356,1227.20,78.8,54.6
357,1230.65,80.3,55.6
358,1234.10,77.6,53.8
359,1237.55,73.4,50.9
360,1240.99,69.4,48.1
361,1244.44,67.7,46.9
362,1247.89,68.2,47.2
363,1251.33,70.6,48.9
364,1254.78,75.4,52.2
365,1258.23,81.6,56.5
366,1261.68,89.9,62.3
367,1265.12,100.8,69.8
368,1268.57,112.1,77.7
369,1272.02,123.3,85.4
370,1275.46,120.7,83.6
371,1278.91,118.1,81.8
372,1282.36,115.4,80.0
373,1285.81,112.7,78.1
374,1289.25,109.9,76.1
375,1292.70,107.0,74.1
376,1296.15,104.0,72.1
377,1299.60,101.0,69.9
378,1303.04,97.8,67.8
379,1306.49,94.6,65.5
380,1309.94,91.2,63.2
381,1313.38,87.7,60.8
382,1316.83,84.1,58.2
383,1320.28,80.2,55.6
384,1323.73,76.2,52.8
385,1327.17,72.0,49.9
386,1330.62,69.4,48.1
387,1334.07,69.5,48.2
388,1337.51,71.6,49.6
389,1340.96,73.2,50.7
390,1344.41,74.0,51.3
391,1347.86,69.6,48.3
392,1351.30,65.0,45.0
393,1354.75,60.0,41.6
394,1358.20,55.5,38.4
395,1361.64,57.2,39.6
396,1365.09,72.7,50.4
397,1368.54,103.2,71.5
398,1371.99,100.9,69.9
399,1375.43,97.7,67.7
400,1378.88,94.5,65.4
401,1382.33,91.1,63.1
402,1385.78,87.6,60.7
403,1389.22,83.9,58.2
404,1392.67,80.1,55.5
405,1396.12,76.1,52.7
406,1399.56,71.9,49.8
407,1403.01,67.4,46.7
408,1406.46,62.6,43.4
409,1409.91,57.4,39.8
410,1413.35,51.6,35.8
411,1416.80,45.2,31.3
412,1420.25,43.2,29.9
413,1423.69,46.1,31.9
414,1427.14,51.9,35.9
415,1430.59,58.2,40.3
416,1434.04,64.0,44.4
417,1437.48,71.2,49.3
418,1440.93,77.6,53.7
419,1444.38,85.1,59.0
420,1447.82,91.8,63.6
421,1451.27,90.0,62.3
422,1454.72,89.6,62.1
423,1458.17,92.2,63.9
424,1461.61,102.3,70.8
425,1465.06,116.2,80.5
426,1468.51,134.1,92.9
427,1471.96,132.5,91.8
428,1475.40,130.1,90.2
429,1478.85,127.7,88.5
430,1482.30,125.2,86.8
431,1485.74,122.7,85.0
432,1489.19,120.1,83.2
433,1492.64,117.5,81.4
434,1496.09,114.8,79.5
435,1499.53,112.1,77.6
436,1502.98,109.2,75.7
437,1506.43,106.3,73.7
438,1509.87,103.3,71.6
439,1513.32,100.3,69.5
440,1516.77,97.1,67.3
441,1520.22,93.8,65.0
442,1523.66,90.4,62.7
443,1527.11,86.9,60.2
444,1530.56,83.2,57.7
445,1534.00,79.4,55.0
446,1537.45,75.3,52.2
447,1540.90,71.1,49.2
448,1544.35,66.5,46.1
449,1547.79,61.6,42.7
450,1551.24,56.3,39.0
451,1554.69,50.5,35.0
452,1558.14,47.7,33.0
453,1561.58,47.8,33.1
454,1565.03,51.5,35.7
455,1568.48,57.9,40.1
456,1571.92,66.4,46.0
457,1575.37,75.0,51.9
458,1578.82,82.5,57.2
459,1582.27,88.0,61.0
460,1585.71,84.4,58.5
461,1589.16,80.6,55.8
462,1592.61,76.6,53.1
463,1596.05,72.4,50.2
464,1599.50,67.9,47.1
465,1602.95,63.2,43.8
466,1606.40,62.1,43.0
467,1609.84,65.1,45.1
468,1613.29,68.2,47.2
469,1616.74,70.7,49.0
470,1620.18,72.1,50.0
471,1623.63,78.9,54.7
472,1627.08,93.1,64.5
473,1630.53,91.2,63.2
474,1633.97,87.7,60.7
475,1637.42,84.0,58.2
476,1640.87,80.2,55.6
477,1644.32,76.2,52.8
478,1647.76,72.0,49.9
479,1651.21,67.5,46.8
480,1654.66,62.7,43.4
481,1658.10,57.5,39.8
482,1661.55,51.8,35.9
483,1665.00,45.3,31.4
484,1668.45,41.6,28.8
485,1671.89,42.6,29.5
486,1675.34,48.8,33.8
487,1678.79,56.3,39.0
488,1682.23,61.5,42.6
489,1685.68,65.0,45.1
490,1689.13,66.8,46.3
491,1692.58,65.1,45.1
492,1696.02,63.3,43.8
493,1699.47,63.1,43.7
494,1702.92,67.3,46.6
495,1706.36,76.0,52.7
496,1709.81,89.4,61.9
497,1713.26,108.8,75.4
498,1716.71,135.3,93.7
499,1720.15,132.9,92.1
500,1723.60,130.6,90.5
501,1727.05,128.1,88.8
502,1730.50,125.7,87.1
503,1733.94,123.2,85.3
504,1737.39,133.0,92.1
505,1740.84,144.3,100.0
506,1744.28,142.1,98.5
507,1747.73,139.9,96.9
508,1751.18,137.7,95.4
509,1754.63,135.4,93.8
510,1758.07,133.0,92.2
511,1761.52,130.7,90.5
512,1764.97,128.3,88.9
513,1768.41,125.8,87.1
514,1771.86,124.5,86.3
515,1775.31,127.8,88.5
516,1778.76,136.0,94.2
517,1782.20,140.0,97.0
518,1785.65,137.7,95.4
519,1789.10,135.4,93.8
520,1792.54,133.1,92.2
521,1795.99,130.7,90.6
522,1799.44,128.3,88.9
523,1802.89,125.9,87.2
524,1806.33,123.3,85.5
525,1809.78,120.8,83.7
526,1813.23,118.2,81.9
527,1816.68,115.5,80.0
528,1820.12,112.8,78.1
529,1823.57,109.9,76.2
530,1827.02,107.1,74.2
531,1830.46,104.1,72.1
532,1833.91,101.1,70.0
533,1837.36,97.9,67.8
534,1840.81,94.7,65.6
535,1844.25,91.3,63.3
536,1847.70,87.8,60.8
537,1851.15,84.2,58.3
538,1854.59,83.2,57.7
539,1858.04,88.1,61.0
540,1861.49,97.4,67.5
541,1864.94,109.2,75.7
542,1868.38,122.2,84.6
543,1871.83,134.3,93.1
544,1875.28,146.1,101.2
545,1878.73,157.6,109.2
546,1882.17,155.6,107.8
547,1885.62,153.6,106.4
548,1889.07,151.5,105.0
549,1892.51,149.5,103.6
550,1895.96,147.4,102.1
551,1899.41,145.2,100.6
552,1902.86,143.0,99.1
553,1906.30,140.8,97.6
554,1909.75,138.6,96.0
555,1913.20,136.3,94.5
556,1916.64,134.0,92.8
557,1920.09,131.7,91.2
558,1923.54,129.3,89.6
559,1926.99,126.8,87.9
560,1930.43,124.3,86.1
561,1933.88,121.8,84.4
562,1937.33,119.2,82.6
563,1940.77,116.5,80.7
564,1944.22,113.8,78.9
565,1947.67,114.7,79.5
566,1951.12,122.0,84.5
567,1954.56,137.9,95.5
568,1958.01,166.9,115.6
569,1961.46,225.1,155.9
570,1964.91,223.7,155.0
571,1968.35,222.3,154.0
572,1971.80,220.9,153.0
573,1975.25,219.4,152.0
574,1978.69,223.2,154.6
575,1982.14,241.5,167.3
576,1985.59,251.0,173.9
577,1989.04,249.7,173.0
578,1992.48,248.5,172.2
579,1995.93,247.2,171.3
580,1999.38,246.0,170.4
581,2002.82,244.7,169.5
582,2006.27,243.4,168.6
583,2009.72,242.1,167.7
584,2013.17,240.8,166.8
585,2016.61,239.5,165.9
586,2020.06,238.2,165.0
587,2023.51,236.9,164.1
588,2026.95,235.6,163.2
589,2030.40,234.2,162.3
590,2033.85,232.9,161.4
591,2037.30,231.5,160.4
592,2040.74,230.2,159.5
593,2044.19,228.8,158.5
594,2047.64,227.5,157.6
595,2051.09,226.1,156.6
596,2054.53,224.7,155.7
597,2057.98,223.3,154.7
598,2061.43,221.9,153.7
599,2064.87,220.5,152.8
600,2068.32,219.1,151.8
601,2071.77,217.6,150.8
602,2075.22,216.2,149.8
603,2078.66,214.7,148.8
604,2082.11,213.3,147.8
605,2085.56,211.8,146.7
606,2089.00,210.3,145.7
607,2092.45,208.8,144.7
608,2095.90,207.3,143.6
609,2099.35,205.8,142.6
610,2102.79,204.3,141.5
611,2106.24,202.7,140.5
612,2109.69,201.2,139.4
613,2113.13,199.6,138.3
614,2116.58,198.1,137.2
615,2120.03,196.5,136.1
616,2123.48,194.9,135.0
617,2126.92,193.3,133.9
618,2130.37,191.6,132.8
619,2133.82,190.0,131.6
620,2137.27,188.3,130.5
621,2140.71,186.7,129.3
622,2144.16,185.0,128.2
623,2147.61,183.3,127.0
624,2151.05,181.6,125.8
625,2154.50,179.9,124.6
626,2157.95,178.1,123.4
627,2161.40,176.3,122.2
628,2164.84,174.6,120.9
629,2168.29,172.8,119.7
630,2171.74,170.9,118.4
631,2175.18,169.1,117.2
632,2178.63,167.2,115.9
633,2182.08,165.4,114.6
634,2185.53,163.5,113.2
635,2188.97,161.5,111.9
636,2192.42,159.6,110.6
637,2195.87,157.6,109.2
638,2199.31,155.6,107.8
639,2202.76,153.6,106.4
640,2206.21,151.5,105.0
641,2209.66,149.5,103.6
642,2213.10,147.4,102.1
643,2216.55,145.2,100.6
644,2220.00,143.1,99.1
645,2223.45,140.8,97.6
646,2226.89,138.6,96.0
647,2230.34,136.3,94.5
648,2233.79,134.0,92.9
649,2237.23,131.7,91.2
650,2240.68,129.3,89.6
651,2244.13,126.8,87.9
652,2247.58,124.3,86.1
653,2251.02,121.8,84.4
654,2254.47,119.2,82.6
655,2257.92,116.6,80.7
656,2261.36,113.8,78.9
657,2264.81,111.1,76.9
658,2268.26,108.2,75.0
659,2271.71,105.3,72.9
660,2275.15,102.3,70.8
661,2278.60,99.2,68.7
662,2282.05,95.9,66.5
663,2285.49,92.6,64.2
664,2288.94,89.2,61.8
665,2292.39,85.6,59.3
666,2295.84,81.9,56.7
667,2299.28,78.0,54.0
668,2302.73,74.1,51.3
669,2306.18,70.0,48.5
670,2309.63,65.4,45.3
671,2313.07,60.4,41.9
672,2316.52,55.0,38.1
673,2319.97,49.0,34.0
674,2323.41,44.8,31.0
675,2326.86,46.9,32.5
676,2330.31,51.3,35.6
677,2333.76,60.4,41.9
678,2337.20,66.8,46.3
679,2340.65,70.1,48.5
680,2344.10,67.4,46.7
681,2347.54,62.6,43.4
682,2350.99,58.2,40.3
683,2354.44,55.3,38.3
684,2357.89,54.8,38.0
685,2361.33,56.6,39.2
686,2364.78,61.1,42.3
687,2368.23,68.5,47.5
688,2371.67,77.4,53.7
689,2375.12,74.4,51.6
690,2378.57,70.1,48.6
691,2382.02,65.5,45.4
692,2385.46,60.5,41.9
693,2388.91,55.1,38.2
694,2392.36,50.2,34.8
695,2395.81,48.5,33.6
696,2399.25,50.2,34.8
697,2402.70,54.4,37.7
698,2406.15,60.4,41.8
699,2409.59,65.6,45.4
700,2413.04,66.1,45.8
701,2416.49,62.5,43.3
702,2419.94,58.7,40.7
703,2423.38,60.7,42.1
704,2426.83,72.4,50.2
705,2430.28,74.6,51.7
706,2433.72,70.3,48.7
707,2437.17,65.7,45.5
708,2440.62,60.7,42.1
709,2444.07,55.3,38.3
710,2447.51,49.4,34.2
711,2450.96,46.1,31.9
712,2454.41,47.8,33.1
713,2457.85,52.8,36.6
714,2461.30,59.7,41.4
715,2464.75,67.2,46.6
716,2468.20,73.9,51.2
717,2471.64,79.3,54.9
718,2475.09,81.7,56.6
719,2478.54,81.3,56.3
720,2481.99,80.2,55.6
721,2485.43,81.5,56.4
722,2488.88,84.9,58.8
723,2492.33,89.4,62.0
724,2495.77,93.1,64.5
725,2499.22,95.7,66.3
726,2502.67,96.5,66.9
727,2506.12,94.1,65.2
728,2509.56,90.7,62.8
729,2513.01,87.2,60.4
730,2516.46,86.3,59.8
731,2519.90,88.0,60.9
732,2523.35,91.4,63.3
733,2526.80,95.2,66.0
734,2530.25,97.5,67.6
735,2533.69,94.3,65.3
736,2537.14,90.9,63.0
737,2540.59,87.4,60.5
738,2544.03,83.7,58.0
739,2547.48,79.9,55.4
740,2550.93,75.9,52.6
741,2554.38,71.7,49.6
742,2557.82,70.7,49.0
743,2561.27,72.3,50.1
744,2564.72,74.6,51.7
745,2568.17,78.0,54.0
746,2571.61,85.1,59.0
747,2575.06,94.9,65.8
748,2578.51,107.1,74.2
749,2581.95,121.8,84.4
750,2585.40,137.1,95.0
751,2588.85,136.8,94.8
752,2592.30,134.5,93.2
753,2595.74,132.2,91.6
754,2599.19,129.8,89.9
755,2602.64,127.4,88.2
756,2606.08,124.9,86.5
757,2609.53,122.4,84.8
758,2612.98,119.8,83.0
759,2616.43,117.1,81.2
760,2619.87,114.4,79.3
761,2623.32,111.7,77.4
762,2626.77,108.8,75.4
763,2630.22,105.9,73.4
764,2633.66,102.9,71.3
765,2637.11,99.8,69.2
766,2640.56,96.7,67.0
767,2644.00,93.4,64.7
768,2647.45,90.0,62.3
769,2650.90,86.4,59.9
770,2654.35,82.7,57.3
771,2657.79,78.8,54.6
772,2661.24,77.6,53.8
773,2664.69,81.4,56.4
774,2668.13,90.0,62.3
775,2671.58,100.6,69.7
776,2675.03,111.0,76.9
777,2678.48,120.9,83.8
778,2681.92,130.1,90.2
779,2685.37,131.0,90.8
780,2688.82,128.6,89.1
781,2692.26,126.2,87.4
782,2695.71,123.7,85.7
783,2699.16,121.1,83.9
784,2702.61,118.5,82.1
785,2706.05,115.8,80.3
786,2709.50,113.1,78.4
787,2712.95,110.3,76.4
788,2716.40,108.8,75.4
789,2719.84,112.5,77.9
790,2723.29,121.4,84.1
791,2726.74,128.5,89.0
792,2730.18,126.1,87.3
793,2733.63,123.6,85.6
794,2737.08,121.0,83.8
795,2740.53,118.4,82.0
796,2743.97,115.7,80.2
797,2747.42,113.0,78.3
798,2750.87,110.2,76.3
799,2754.31,107.3,74.3
800,2757.76,104.4,72.3
801,2761.21,101.3,70.2
802,2764.66,98.2,68.0
803,2768.10,94.9,65.8
804,2771.55,95.9,66.4
805,2775.00,101.7,70.5
806,2778.44,113.0,78.3
807,2781.89,120.2,83.3
808,2785.34,117.6,81.5
809,2788.79,114.9,79.6
810,2792.23,112.2,77.7
811,2795.68,109.3,75.8
812,2799.13,106.4,73.7
813,2802.58,103.5,71.7
814,2806.02,100.4,69.6
815,2809.47,97.2,67.4
816,2812.92,94.0,65.1
817,2816.36,90.6,62.7
818,2819.81,87.0,60.3
819,2823.26,83.4,57.8
820,2826.71,83.8,58.1
821,2830.15,88.0,61.0
822,2833.60,94.9,65.8
823,2837.05,103.5,71.7
824,2840.49,113.5,78.6
825,2843.94,125.6,87.0
826,2847.39,141.3,97.9
827,2850.84,142.4,98.7
828,2854.28,140.2,97.1
829,2857.73,137.9,95.6
830,2861.18,135.7,94.0
831,2864.62,133.3,92.4
832,2868.07,131.0,90.7
833,2871.52,137.7,95.4
834,2874.97,150.2,104.1
835,2878.41,148.1,102.6
836,2881.86,146.0,101.1
837,2885.31,143.8,99.6
838,2888.76,141.6,98.1
839,2892.20,139.4,96.6
840,2895.65,137.1,95.0
841,2899.10,134.8,93.4
842,2902.54,132.5,91.8
843,2905.99,130.1,90.1
844,2909.44,127.7,88.5
845,2912.89,125.2,86.7
846,2916.33,122.7,85.0
847,2919.78,120.1,83.2
848,2923.23,117.5,81.4
849,2926.67,114.8,79.5
850,2930.12,112.0,77.6
851,2933.57,109.2,75.7
852,2937.02,106.3,73.6
853,2940.46,103.3,71.6
854,2943.91,100.2,69.4
855,2947.36,97.1,67.3
856,2950.80,93.8,65.0
857,2954.25,90.4,62.6
858,2957.70,86.9,60.2
859,2961.15,83.2,57.6
860,2964.59,83.4,57.7
861,2968.04,87.1,60.4
862,2971.49,92.8,64.3
863,2974.94,98.9,68.5
864,2978.38,103.9,72.0
865,2981.83,103.7,71.8
866,2985.28,100.6,69.7
867,2988.72,97.4,67.5
868,2992.17,94.2,65.2
869,2995.62,90.8,62.9
870,2999.07,87.3,60.5
871,3002.51,83.6,57.9
872,3005.96,83.6,57.9
873,3009.41,88.2,61.1
874,3012.85,84.6,58.6
875,3016.30,80.8,56.0
876,3019.75,76.8,53.2
877,3023.20,72.6,50.3
878,3026.64,68.2,47.2
879,3030.09,63.4,44.0
880,3033.54,58.3,40.4
881,3036.98,52.7,36.5
882,3040.43,46.4,32.1
883,3043.88,43.9,30.4
884,3047.33,45.6,31.6
885,3050.77,51.6,35.8
886,3054.22,61.2,42.4
887,3057.67,69.7,48.3
888,3061.12,67.4,46.7
889,3064.56,62.6,43.3
890,3068.01,57.3,39.7
891,3071.46,53.3,36.9
892,3074.90,52.0,36.1
893,3078.35,53.2,36.9
894,3081.80,56.8,39.3
895,3085.25,62.8,43.5
896,3088.69,67.7,46.9
897,3092.14,67.6,46.8
898,3095.59,66.0,45.7
899,3099.03,67.9,47.0
900,3102.48,81.7,56.6
901,3105.93,81.7,56.6
902,3109.38,77.8,53.9
903,3112.82,73.6,51.0
904,3116.27,69.3,48.0
905,3119.72,64.6,44.7
906,3123.16,59.5,41.3
907,3126.61,55.8,38.7
908,3130.06,56.9,39.5
909,3133.51,61.5,42.6
910,3136.95,67.6,46.8
911,3140.40,72.5,50.2
912,3143.85,76.3,52.9
913,3147.30,79.7,55.2
914,3150.74,82.2,56.9
915,3154.19,80.2,55.6
916,3157.64,76.2,52.8
917,3161.08,72.0,49.9
918,3164.53,68.4,47.4
919,3167.98,66.9,46.4
920,3171.43,67.9,47.0
921,3174.87,68.3,47.3
922,3178.32,65.9,45.7
923,3181.77,61.5,42.6
924,3185.21,59.4,41.2
925,3188.66,63.9,44.3
926,3192.11,81.9,56.7
927,3195.56,130.6,90.5
928,3199.00,129.6,89.8
929,3202.45,127.1,88.1
930,3205.90,124.7,86.4
931,3209.34,122.1,84.6
932,3212.79,119.5,82.8
933,3216.24,116.9,81.0
934,3219.69,114.2,79.1
935,3223.13,111.4,77.2
936,3226.58,108.6,75.2
937,3230.03,105.6,73.2
938,3233.48,106.0,73.5
939,3236.92,112.2,77.7
940,3240.37,123.0,85.2
941,3243.82,138.3,95.8
942,3247.26,153.9,106.6
943,3250.71,151.8,105.2
944,3254.16,149.8,103.8
945,3257.61,147.7,102.3
946,3261.05,145.5,100.8
947,3264.50,143.4,99.3
948,3267.95,141.2,97.8
949,3271.39,138.9,96.3
950,3274.84,136.7,94.7
951,3278.29,134.4,93.1
952,3281.74,132.0,91.5
953,3285.18,129.6,89.8
954,3288.63,127.2,88.1
955,3292.08,130.0,90.0
956,3295.53,133.9,92.8
957,3298.97,131.5,91.1
958,3302.42,129.1,89.5
959,3305.87,126.7,87.8
960,3309.31,124.2,86.1
961,3312.76,121.7,84.3
962,3316.21,119.1,82.5
963,3319.66,116.4,80.7
964,3323.10,113.7,78.8
965,3326.55,110.9,76.8
966,3330.00,108.1,74.9
967,3333.44,105.1,72.8
968,3336.89,102.1,70.7
969,3340.34,99.0,68.6
970,3343.79,96.2,66.6
971,3347.23,97.8,67.8
972,3350.68,103.2,71.5
973,3354.13,108.9,75.5
974,3357.57,114.2,79.1
975,3361.02,118.5,82.1
976,3364.47,123.7,85.7
977,3367.92,130.5,90.4
978,3371.36,138.7,96.1
979,3374.81,148.1,102.6
980,3378.26,146.6,101.6
981,3381.71,144.5,100.1
982,3385.15,142.3,98.6
983,3388.60,140.1,97.0
984,3392.05,139.0,96.3
985,3395.49,145.2,100.6
986,3398.94,160.2,111.0
987,3402.39,181.3,125.6
988,3405.84,188.8,130.8
989,3409.28,187.2,129.7
990,3412.73,185.5,128.5
991,3416.18,183.8,127.3
992,3419.62,182.1,126.2
993,3423.07,180.4,125.0
994,3426.52,178.6,123.8
995,3429.97,176.9,122.5
996,3433.41,175.1,121.3
997,3436.86,173.3,120.1
998,3440.31,171.5,118.8
999,3443.75,169.7,117.5
1000,3447.20,167.8,116.3
1001,3450.65,165.9,115.0
1002,3454.10,164.0,113.6
1003,3457.54,162.1,112.3
1004,3460.99,160.2,111.0
1005,3464.44,158.2,109.6
1006,3467.89,156.2,108.2
1007,3471.33,154.2,106.8
1008,3474.78,152.2,105.4
1009,3478.23,150.1,104.0
1010,3481.67,148.0,102.5
1011,3485.12,145.9,101.1
1012,3488.57,143.7,99.6
1013,3492.02,141.5,98.0
1014,3495.46,139.3,96.5
1015,3498.91,137.0,94.9
1016,3502.36,134.7,93.3
1017,3505.80,132.4,91.7
1018,3509.25,130.0,90.1
1019,3512.70,130.2,90.2
1020,3516.15,133.4,92.4
1021,3519.59,137.0,94.9
1022,3523.04,139.7,96.8
1023,3526.49,140.9,97.7
1024,3529.93,142.4,98.7
1025,3533.38,144.1,99.9
1026,3536.83,146.1,101.2
1027,3540.28,147.3,102.0
1028,3543.72,145.1,100.5
1029,3547.17,142.9,99.0
1030,3550.62,140.7,97.5
1031,3554.07,138.5,96.0
1032,3557.51,136.2,94.4
1033,3560.96,133.9,92.8
1034,3564.41,131.6,91.1
1035,3567.85,129.2,89.5
1036,3571.30,126.7,87.8
1037,3574.75,124.2,86.1
1038,3578.20,121.7,84.3
1039,3581.64,119.1,82.5
1040,3585.09,116.4,80.7
1041,3588.54,113.7,78.8
1042,3591.98,110.9,76.8
1043,3595.43,108.1,74.9
1044,3598.88,105.1,72.8
1045,3602.33,105.0,72.8
1046,3605.77,109.6,76.0
1047,3609.22,118.8,82.3
1048,3612.67,131.3,90.9
1049,3616.11,133.7,92.7
1050,3619.56,131.4,91.0
1051,3623.01,129.0,89.4
1052,3626.46,126.5,87.7
1053,3629.90,124.0,85.9
1054,3633.35,121.5,84.2
1055,3636.80,118.9,82.4
1056,3640.25,116.2,80.5
1057,3643.69,113.5,78.6
1058,3647.14,110.7,76.7
1059,3650.59,107.9,74.7
1060,3654.03,104.9,72.7
1061,3657.48,105.3,72.9
1062,3660.93,114.4,79.3
1063,3664.38,111.6,77.3
1064,3667.82,108.8,75.4
1065,3671.27,105.9,73.4
1066,3674.72,102.9,71.3
1067,3678.16,99.8,69.1
1068,3681.61,96.6,66.9
1069,3685.06,93.3,64.6
1070,3688.51,89.9,62.3
1071,3691.95,86.3,59.8
1072,3695.40,82.6,57.3
1073,3698.85,78.8,54.6
1074,3702.29,74.7,51.8
1075,3705.74,70.4,48.8
1076,3709.19,67.7,46.9
1077,3712.64,80.0,55.4
1078,3716.08,85.0,58.9
1079,3719.53,81.2,56.3
1080,3722.98,77.3,53.6
1081,3726.43,93.4,64.7
1082,3729.87,92.8,64.3
1083,3733.32,89.4,61.9
1084,3736.77,85.8,59.5
1085,3740.21,82.1,56.9
1086,3743.66,81.3,56.4
1087,3747.11,88.3,61.2
1088,3750.56,102.4,70.9
1089,3754.00,117.5,81.4
1090,3757.45,131.9,91.4
1091,3760.90,144.1,99.8
1092,3764.34,141.9,98.3
1093,3767.79,139.6,96.7
1094,3771.24,137.4,95.2
1095,3774.69,135.1,93.6
1096,3778.13,132.8,92.0
1097,3781.58,130.4,90.3
1098,3785.03,128.0,88.7
1099,3788.47,125.5,86.9
1100,3791.92,123.0,85.2
1101,3795.37,120.4,83.4
1102,3798.82,121.5,84.2
1103,3802.26,125.7,87.1
1104,3805.71,133.3,92.4
1105,3809.16,136.5,94.5
1106,3812.61,134.2,92.9
1107,3816.05,131.8,91.3
1108,3819.50,129.4,89.7
1109,3822.95,133.3,92.3
1110,3826.39,146.4,101.4
1111,3829.84,169.4,117.4
1112,3833.29,176.4,122.2
1113,3836.74,174.6,120.9
1114,3840.18,172.8,119.7
1115,3843.63,171.0,118.4
1116,3847.08,169.1,117.2
1117,3850.52,167.3,115.9
1118,3853.97,165.4,114.6
1119,3857.42,163.5,113.3
1120,3860.87,161.5,111.9
1121,3864.31,159.6,110.6
1122,3867.76,157.6,109.2
1123,3871.21,155.6,107.8
1124,3874.65,153.6,106.4
1125,3878.10,151.6,105.0
1126,3881.55,149.5,103.6
1127,3885.00,147.4,102.1
1128,3888.44,145.2,100.6
1129,3891.89,143.1,99.1
1130,3895.34,140.9,97.6
1131,3898.79,138.6,96.0
1132,3902.23,136.4,94.5
1133,3905.68,134.0,92.9
1134,3909.13,131.7,91.2
1135,3912.57,129.3,89.6
1136,3916.02,126.8,87.9
1137,3919.47,124.4,86.2
1138,3922.92,121.8,84.4
1139,3926.36,119.2,82.6
1140,3929.81,118.5,82.1
1141,3933.26,121.8,84.4
1142,3936.70,125.9,87.2
1143,3940.15,128.9,89.3
1144,3943.60,130.2,90.2
1145,3947.05,131.9,91.4
1146,3950.49,134.7,93.3
1147,3953.94,138.9,96.2
1148,3957.39,144.4,100.0
1149,3960.83,151.4,104.9
1150,3964.28,155.4,107.7
1151,3967.73,153.4,106.3
1152,3971.18,151.4,104.9
1153,3974.62,149.3,103.4
1154,3978.07,147.2,102.0
1155,3981.52,145.0,100.5
1156,3984.97,142.8,99.0
1157,3988.41,140.6,97.4
1158,3991.86,138.4,95.9
1159,3995.31,136.1,94.3
1160,3998.75,133.8,92.7
1161,4002.20,131.4,91.1
1162,4005.65,129.0,89.4
1163,4009.10,126.6,87.7
1164,4012.54,124.1,86.0
1165,4015.99,121.6,84.2
1166,4019.44,119.0,82.4
1167,4022.88,116.3,80.6
1168,4026.33,115.4,80.0
1169,4029.78,117.5,81.4
1170,4033.23,122.6,85.0
1171,4036.67,130.5,90.4
1172,4040.12,142.3,98.6
1173,4043.57,160.3,111.1
1174,4047.02,190.0,131.6
1175,4050.46,191.9,133.0
1176,4053.91,190.3,131.8
1177,4057.36,188.6,130.7
1178,4060.80,187.0,129.5
1179,4064.25,185.3,128.4
1180,4067.70,183.6,127.2
1181,4071.15,181.9,126.0
1182,4074.59,180.2,124.8
1183,4078.04,178.4,123.6
1184,4081.49,176.7,122.4
1185,4084.93,174.9,121.2
1186,4088.38,173.1,119.9
1187,4091.83,171.3,118.7
1188,4095.28,169.4,117.4
1189,4098.72,167.6,116.1
1190,4102.17,165.7,114.8
1191,4105.62,163.8,113.5
1192,4109.06,161.9,112.2
1193,4112.51,159.9,110.8
1194,4115.96,158.0,109.4
1195,4119.41,156.0,108.1
1196,4122.85,154.0,106.7
1197,4126.30,151.9,105.2
1198,4129.75,149.8,103.8
1199,4133.20,147.7,102.4
1200,4136.64,145.6,100.9
1201,4140.09,143.4,99.4
1202,4143.54,141.2,97.9
1203,4146.98,142.2,98.5
1204,4150.43,144.7,100.3
1205,4153.88,142.6,98.8
1206,4157.33,140.4,97.2
1207,4160.77,138.1,95.7
1208,4164.22,135.8,94.1
1209,4167.67,133.5,92.5
1210,4171.11,131.1,90.9
1211,4174.56,128.7,89.2
1212,4178.01,126.3,87.5
1213,4181.46,123.8,85.8
1214,4184.90,121.2,84.0
1215,4188.35,118.6,82.2
1216,4191.80,115.9,80.3
1217,4195.24,113.2,78.4
1218,4198.69,110.4,76.5
1219,4202.14,107.6,74.5
1220,4205.59,104.6,72.5
1221,4209.03,101.6,70.4
1222,4212.48,98.4,68.2
1223,4215.93,95.2,66.0
1224,4219.38,91.9,63.6
1225,4222.82,88.4,61.2
1226,4226.27,85.3,59.1
1227,4229.72,81.5,56.5
1228,4233.16,77.6,53.8
1229,4236.61,73.5,50.9
1230,4240.06,69.1,47.9
1231,4243.51,64.4,44.6
1232,4246.95,59.4,41.1
1233,4250.40,53.8,37.3
1234,4253.85,47.7,33.0
1235,4257.29,44.9,31.1
1236,4260.74,48.2,33.4
1237,4264.19,57.1,39.6
1238,4267.64,70.6,48.9
1239,4271.08,68.2,47.2
1240,4274.53,63.4,43.9
1241,4277.98,58.3,40.4
1242,4281.42,53.4,37.0
1243,4284.87,53.4,37.0
1244,4288.32,57.1,39.5
1245,4291.77,63.2,43.8
1246,4295.21,67.4,46.7
1247,4298.66,66.4,46.0
1248,4302.11,62.7,43.4
1249,4305.56,62.1,43.0
1250,4309.00,70.0,48.5
1251,4312.45,98.6,68.3
1252,4315.90,110.3,76.4
1253,4319.34,107.4,74.4
1254,4322.79,104.5,72.4
1255,4326.24,101.4,70.3
1256,4329.69,98.3,68.1
1257,4333.13,95.1,65.9
1258,4336.58,91.7,63.5
1259,4340.03,88.2,61.1
1260,4343.47,84.6,58.6
1261,4346.92,80.8,56.0
1262,4350.37,76.9,53.3
1263,4353.82,76.9,53.2
1264,4357.26,77.7,53.8
1265,4360.71,79.3,55.0
1266,4364.16,83.5,57.9
1267,4367.60,94.4,65.4
1268,4371.05,91.0,63.0
1269,4374.50,87.5,60.6
1270,4377.95,83.8,58.1
1271,4381.39,80.0,55.4
1272,4384.84,76.0,52.7
1273,4388.29,71.8,49.7
1274,4391.74,70.5,48.8
1275,4395.18,71.4,49.5
1276,4398.63,74.0,51.2
1277,4402.08,79.1,54.8
1278,4405.52,87.2,60.4
1279,4408.97,101.1,70.1
1280,4412.42,116.6,80.8
1281,4415.87,133.3,92.4
1282,4419.31,131.0,90.7
1283,4422.76,128.6,89.1
1284,4426.21,126.1,87.4
1285,4429.65,123.6,85.6
1286,4433.10,121.0,83.9
1287,4436.55,118.4,82.1
1288,4440.00,115.8,80.2
1289,4443.44,113.0,78.3
1290,4446.89,110.2,76.4
1291,4450.34,107.4,74.4
1292,4453.78,104.4,72.3
1293,4457.23,101.4,70.2
1294,4460.68,98.2,68.1
1295,4464.13,95.0,65.8
1296,4467.57,91.6,63.5
1297,4471.02,88.2,61.1
1298,4474.47,84.5,58.6
1299,4477.92,80.8,55.9
1300,4481.36,76.8,53.2
1301,4484.81,72.6,50.3
1302,4488.26,68.1,47.2
1303,4491.70,63.4,43.9
1304,4495.15,60.7,42.0
1305,4498.60,61.2,42.4
1306,4502.05,63.1,43.7
1307,4505.49,66.5,46.1
1308,4508.94,71.6,49.6
1309,4512.39,79.8,55.3
1310,4515.83,91.1,63.1
1311,4519.28,102.9,71.3
1312,4522.73,99.9,69.2
1313,4526.18,96.7,67.0
1314,4529.62,93.5,64.7
1315,4533.07,95.1,65.9
1316,4536.52,105.3,73.0
1317,4539.96,128.4,88.9
1318,4543.41,178.2,123.5
1319,4546.86,181.9,126.0
1320,4550.31,180.1,124.8
1321,4553.75,178.4,123.6
1322,4557.20,176.6,122.4
1323,4560.65,182.2,126.2
1324,4564.10,206.7,143.2
1325,4567.54,205.1,142.1
1326,4570.99,203.6,141.1
1327,4574.44,202.1,140.0
1328,4577.88,200.5,138.9
1329,4581.33,198.9,137.8
1330,4584.78,197.4,136.7
1331,4588.23,195.8,135.6
1332,4591.67,194.2,134.5
1333,4595.12,192.6,133.4
1334,4598.57,190.9,132.3
1335,4602.01,189.3,131.1
1336,4605.46,187.6,130.0
1337,4608.91,185.9,128.8
1338,4612.36,184.3,127.7
1339,4615.80,182.5,126.5
1340,4619.25,180.8,125.3
1341,4622.70,179.1,124.1
1342,4626.14,177.3,122.9
1343,4629.59,175.6,121.6
1344,4633.04,173.8,120.4
1345,4636.49,172.0,119.1
1346,4639.93,170.1,117.9
1347,4643.38,168.3,116.6
1348,4646.83,166.4,115.3
1349,4650.28,164.5,114.0
1350,4653.72,162.6,112.7
1351,4657.17,160.7,111.3
1352,4660.62,158.7,110.0
1353,4664.06,156.7,108.6
1354,4667.51,154.7,107.2
1355,4670.96,152.7,105.8
1356,4674.41,150.6,104.4
1357,4677.85,148.5,102.9
1358,4681.30,146.4,101.4
1359,4684.75,144.3,100.0
1360,4688.19,142.1,98.4
1361,4691.64,139.9,96.9
1362,4695.09,137.6,95.3
1363,4698.54,135.3,93.8
1364,4701.98,133.0,92.1
1365,4705.43,131.5,91.1
1366,4708.88,133.3,92.3
1367,4712.32,139.0,96.3
1368,4715.77,146.4,101.4
1369,4719.22,146.1,101.2
1370,4722.67,144.0,99.7
1371,4726.11,141.8,98.2
1372,4729.56,139.5,96.7
1373,4733.01,137.3,95.1
1374,4736.46,135.0,93.5
1375,4739.90,132.6,91.9
1376,4743.35,130.3,90.3
1377,4746.80,127.8,88.6
1378,4750.24,125.4,86.9
1379,4753.69,122.9,85.1
1380,4757.14,120.3,83.3
1381,4760.59,117.7,81.5
1382,4764.03,115.0,79.7
1383,4767.48,114.7,79.5
1384,4770.93,118.6,82.2
1385,4774.37,125.0,86.6
1386,4777.82,122.4,84.8
1387,4781.27,119.9,83.0
1388,4784.72,117.2,81.2
1389,4788.16,114.5,79.3
1390,4791.61,111.8,77.4
1391,4795.06,108.9,75.5
1392,4798.51,106.0,73.4
1393,4801.95,103.0,71.4
1394,4805.40,99.9,69.2
1395,4808.85,96.8,67.1
1396,4812.29,99.9,69.2
1397,4815.74,109.2,75.6
1398,4819.19,123.0,85.2
1399,4822.64,140.8,97.6
1400,4826.08,150.5,104.3
1401,4829.53,148.4,102.8
1402,4832.98,146.3,101.4
1403,4836.42,144.2,99.9
1404,4839.87,142.0,98.4
1405,4843.32,139.8,96.8
1406,4846.77,137.5,95.3
1407,4850.21,135.2,93.7
1408,4853.66,132.9,92.1
1409,4857.11,130.5,90.4
1410,4860.55,128.1,88.7
1411,4864.00,125.6,87.0
1412,4867.45,123.1,85.3
1413,4870.90,120.5,83.5
1414,4874.34,117.9,81.7
1415,4877.79,120.2,83.3
1416,4881.24,126.6,87.7
1417,4884.69,135.8,94.1
1418,4888.13,146.1,101.2
1419,4891.58,158.1,109.5
1420,4895.03,172.4,119.4
1421,4898.47,190.4,131.9
1422,4901.92,202.9,140.6
1423,4905.37,201.3,139.5
1424,4908.82,199.8,138.4
1425,4912.26,198.2,137.3
1426,4915.71,196.6,136.2
1427,4919.16,195.0,135.1
1428,4922.60,193.4,134.0
1429,4926.05,191.8,132.9
1430,4929.50,190.1,131.7
1431,4932.95,188.5,130.6
1432,4936.39,186.8,129.4
1433,4939.84,185.1,128.3
1434,4943.29,183.4,127.1
1435,4946.73,181.7,125.9
1436,4950.18,180.0,124.7
1437,4953.63,178.3,123.5
1438,4957.08,176.5,122.3
1439,4960.52,174.7,121.0
1440,4963.97,172.9,119.8
1441,4967.42,171.1,118.5
1442,4970.87,169.3,117.3
1443,4974.31,167.4,116.0
1444,4977.76,165.5,114.7
1445,4981.21,163.6,113.4
1446,4984.65,161.7,112.0
1447,4988.10,159.7,110.7
1448,4991.55,157.8,109.3
1449,4995.00,155.8,107.9
1450,4998.44,153.8,106.5
1451,5001.89,151.7,105.1
1452,5005.34,149.6,103.7
1453,5008.78,147.5,102.2
1454,5012.23,145.4,100.7
1455,5015.68,143.2,99.2
1456,5019.13,141.0,97.7
1457,5022.57,138.8,96.2
1458,5026.02,136.5,94.6
1459,5029.47,134.2,93.0
1460,5032.91,131.9,91.4
1461,5036.36,129.5,89.7
1462,5039.81,127.0,88.0
1463,5043.26,129.0,89.3
1464,5046.70,136.7,94.7
1465,5050.15,145.3,100.7
1466,5053.60,152.3,105.5
1467,5057.05,156.8,108.6
1468,5060.49,161.5,111.9
1469,5063.94,166.9,115.6
1470,5067.39,172.6,119.6
1471,5070.83,176.5,122.3
1472,5074.28,174.7,121.0
1473,5077.73,172.9,119.8
1474,5081.18,171.1,118.5
1475,5084.62,169.3,117.3
1476,5088.07,167.4,116.0
1477,5091.52,165.5,114.7
1478,5094.96,163.6,113.4
1479,5098.41,161.7,112.0
1480,5101.86,159.7,110.7
1481,5105.31,157.8,109.3
1482,5108.75,155.8,107.9
1483,5112.20,153.8,106.5
1484,5115.65,151.7,105.1
1485,5119.09,149.6,103.7
1486,5122.54,147.5,102.2
1487,5125.99,145.4,100.7
1488,5129.44,143.2,99.2
1489,5132.88,141.0,97.7
1490,5136.33,138.8,96.2
1491,5139.78,136.5,94.6
1492,5143.23,134.2,93.0
1493,5146.67,131.9,91.4
1494,5150.12,129.5,89.7
1495,5153.57,127.0,88.0
1496,5157.01,126.1,87.4
1497,5160.46,129.8,89.9
1498,5163.91,137.3,95.1
1499,5167.36,150.5,104.3
1500,5170.80,176.7,122.4
1501,5174.25,197.8,137.0
1502,5177.70,196.2,135.9
1503,5181.14,194.6,134.8
1504,5184.59,193.0,133.7
1505,5188.04,191.4,132.6
1506,5191.49,189.7,131.4
1507,5194.93,188.1,130.3
1508,5198.38,186.4,129.1
1509,5201.83,184.7,128.0
1510,5205.27,183.0,126.8
1511,5208.72,181.3,125.6
1512,5212.17,179.5,124.4
1513,5215.62,177.8,123.2
1514,5219.06,176.0,122.0
1515,5222.51,174.2,120.7
1516,5225.96,172.4,119.5
1517,5229.41,170.6,118.2
1518,5232.85,168.8,116.9
1519,5236.30,166.9,115.6
1520,5239.75,165.0,114.3
1521,5243.19,163.1,113.0
1522,5246.64,161.2,111.7
1523,5250.09,159.2,110.3
1524,5253.54,157.3,109.0
1525,5256.98,155.3,107.6
1526,5260.43,153.2,106.2
1527,5263.88,151.2,104.7
1528,5267.32,149.1,103.3
1529,5270.77,147.0,101.8
1530,5274.22,144.8,100.4
1531,5277.67,145.6,100.9
1532,5281.11,151.6,105.0
1533,5284.56,161.1,111.6
1534,5288.01,160.9,111.5
1535,5291.45,158.9,110.1
1536,5294.90,156.9,108.7
1537,5298.35,154.9,107.3
1538,5301.80,152.9,105.9
1539,5305.24,150.8,104.5
1540,5308.69,148.8,103.1
1541,5312.14,146.6,101.6
1542,5315.59,144.5,100.1
1543,5319.03,142.3,98.6
1544,5322.48,140.1,97.1
1545,5325.93,137.8,95.5
1546,5329.37,135.6,93.9
1547,5332.82,133.2,92.3
1548,5336.27,130.9,90.7
1549,5339.72,128.5,89.0
1550,5343.16,126.0,87.3
1551,5346.61,123.5,85.6
1552,5350.06,125.1,86.7
1553,5353.50,132.6,91.8
1554,5356.95,144.7,100.2
1555,5360.40,164.2,113.8
1556,5363.85,175.2,121.4
1557,5367.29,173.4,120.2
1558,5370.74,171.6,118.9
1559,5374.19,169.8,117.6
1560,5377.63,168.0,116.4
1561,5381.08,166.1,115.1
1562,5384.53,164.2,113.8
1563,5387.98,162.3,112.4
1564,5391.42,160.3,111.1
1565,5394.87,158.4,109.7
1566,5398.32,156.4,108.3
1567,5401.77,154.4,107.0
1568,5405.21,152.3,105.5
1569,5408.66,150.3,104.1
1570,5412.11,148.2,102.7
1571,5415.55,146.0,101.2
1572,5419.00,143.9,99.7
1573,5422.45,141.7,98.2
1574,5425.90,139.5,96.6
1575,5429.34,137.2,95.1
1576,5432.79,134.9,93.5
1577,5436.24,132.6,91.8
1578,5439.68,130.2,90.2
1579,5443.13,127.8,88.5
1580,5446.58,125.3,86.8
1581,5450.03,122.8,85.1
1582,5453.47,120.2,83.3
1583,5456.92,117.6,81.5
1584,5460.37,114.9,79.6
1585,5463.81,112.1,77.7
1586,5467.26,109.3,75.7
1587,5470.71,106.4,73.7
1588,5474.16,103.4,71.6
1589,5477.60,100.3,69.5
1590,5481.05,97.2,67.3
1591,5484.50,93.9,65.1
1592,5487.95,90.5,62.7
1593,5491.39,87.0,60.3
1594,5494.84,83.3,57.7
1595,5498.29,79.5,55.1
1596,5501.73,75.4,52.3
1597,5505.18,71.2,49.3
1598,5508.63,66.6,46.2
1599,5512.08,61.8,42.8
1600,5515.52,56.5,39.1
1601,5518.97,50.6,35.1
1602,5522.42,44.0,30.5
1603,5525.86,40.0,27.7
1604,5529.31,38.6,26.8
1605,5532.76,40.8,28.3
1606,5536.21,46.8,32.5
1607,5539.65,59.0,40.9
1608,5543.10,69.9,48.4
1609,5546.55,65.3,45.2
1610,5550.00,60.3,41.8
1611,5553.44,54.9,38.0
1612,5556.89,49.2,34.1
1613,5560.34,47.0,32.5
1614,5563.78,47.6,33.0
1615,5567.23,49.0,34.0
1616,5570.68,49.0,33.9
1617,5574.13,46.2,32.0
1618,5577.57,42.5,29.4
1619,5581.02,40.5,28.1
1620,5584.47,40.4,28.0
1621,5587.91,43.9,30.4
1622,5591.36,55.9,38.7
1623,5594.81,77.0,53.4
1624,5598.26,128.7,89.1
1625,5601.70,126.2,87.4
1626,5605.15,123.7,85.7
1627,5608.60,121.1,83.9
1628,5612.04,118.5,82.1
1629,5615.49,126.1,87.4
1630,5618.94,142.2,98.5
1631,5622.39,168.1,116.4
1632,5625.83,199.5,138.2
1633,5629.28,235.6,163.2
1634,5632.73,272.6,188.8
1635,5636.18,315.4,218.5
1636,5639.62,314.4,217.9
1637,5643.07,313.5,217.2
1638,5646.52,312.5,216.5
1639,5649.96,311.5,215.8
1640,5653.41,310.4,215.1
1641,5656.86,309.4,214.4
1642,5660.31,308.4,213.7
1643,5663.75,307.4,213.0
1644,5667.20,306.4,212.3
1645,5670.65,305.4,211.6
1646,5674.09,304.3,210.9
1647,5677.54,303.3,210.1
1648,5680.99,302.3,209.4
1649,5684.44,301.2,208.7
1650,5687.88,300.2,208.0
1651,5691.33,299.2,207.3
1652,5694.78,298.1,206.5
1653,5698.22,297.1,205.8
1654,5701.67,296.0,205.1
1655,5705.12,294.9,204.3
1656,5708.57,293.9,203.6
1657,5712.01,293.9,203.6
1658,5715.46,306.0,212.0
1659,5718.91,316.7,219.4
1660,5722.36,315.7,218.7
1661,5725.80,314.7,218.1
1662,5729.25,313.8,217.4
1663,5732.70,312.8,216.7
1664,5736.14,311.8,216.0
1665,5739.59,310.7,215.3
1666,5743.04,309.7,214.6
1667,5746.49,308.7,213.9
1668,5749.93,307.7,213.2
1669,5753.38,306.7,212.5
1670,5756.83,305.7,211.8
1671,5760.27,304.6,211.1
1672,5763.72,303.6,210.4
1673,5767.17,302.6,209.6
1674,5770.62,301.6,208.9
1675,5774.06,300.5,208.2
1676,5777.51,299.5,207.5
1677,5780.96,298.4,206.8
1678,5784.40,297.4,206.0
1679,5787.85,296.3,205.3
1680,5791.30,295.3,204.6
1681,5794.75,294.2,203.8
1682,5798.19,293.1,203.1
1683,5801.64,292.1,202.4
1684,5805.09,291.0,201.6
1685,5808.54,289.9,200.9
1686,5811.98,288.8,200.1
1687,5815.43,287.8,199.4
1688,5818.88,286.7,198.6
1689,5822.32,285.6,197.9
1690,5825.77,284.5,197.1
1691,5829.22,283.4,196.3
1692,5832.67,282.3,195.6
1693,5836.11,281.2,194.8
1694,5839.56,280.0,194.0
1695,5843.01,278.9,193.2
1696,5846.45,277.8,192.5
1697,5849.90,276.7,191.7
1698,5853.35,275.5,190.9
1699,5856.80,274.4,190.1
1700,5860.24,273.3,189.3
1701,5863.69,272.1,188.5
1702,5867.14,271.0,187.7
1703,5870.58,269.8,186.9
1704,5874.03,268.6,186.1
1705,5877.48,267.5,185.3
1706,5880.93,266.3,184.5
1707,5884.37,265.1,183.7
1708,5887.82,263.9,182.9
1709,5891.27,262.8,182.0
1710,5894.72,261.6,181.2
1711,5898.16,260.4,180.4
1712,5901.61,259.2,179.6
1713,5905.06,258.0,178.7
1714,5908.50,256.7,177.9
1715,5911.95,255.5,177.0
1716,5915.40,254.3,176.2
1717,5918.85,253.1,175.3
1718,5922.29,254.1,176.0
1719,5925.74,260.1,180.2
1720,5929.19,263.1,182.3
1721,5932.63,262.5,181.9
1722,5936.08,261.3,181.0
1723,5939.53,260.1,180.2
1724,5942.98,259.4,179.7
1725,5946.42,259.6,179.9
1726,5949.87,260.9,180.7
1727,5953.32,263.3,182.4
1728,5956.76,267.0,185.0
1729,5960.21,272.3,188.6
1730,5963.66,279.4,193.6
1731,5967.11,288.7,200.0
1732,5970.55,300.9,208.5
1733,5974.00,316.8,219.5
1734,5977.45,324.0,224.5
1735,5980.90,324.0,224.5
1736,5984.34,324.0,224.5
1737,5987.79,324.0,224.5
1738,5991.24,324.0,224.5
1739,5994.68,324.0,224.5
1740,5998.13,324.0,224.5
1741,6001.58,324.0,224.5
1742,6005.03,324.0,224.5
1743,6008.47,324.0,224.5
1744,6011.92,324.0,224.5
1745,6015.37,324.0,224.5
1746,6018.81,324.0,224.5
1747,6022.26,324.0,224.5
1748,6025.71,324.0,224.5
1749,6029.16,324.0,224.5
1750,6032.60,324.0,224.5
1751,6036.05,324.0,224.5
1752,6039.50,323.7,224.3
1753,6042.94,322.8,223.6
1754,6046.39,321.8,222.9
1755,6049.84,320.8,222.3
1756,6053.29,319.8,221.6
1757,6056.73,318.9,220.9
1758,6060.18,317.9,220.2
1759,6063.63,316.9,219.6
1760,6067.08,315.9,218.9
1761,6070.52,314.9,218.2
1762,6073.97,313.9,217.5
1763,6077.42,312.9,216.8
1764,6080.86,311.9,216.1
1765,6084.31,310.9,215.4
1766,6087.76,309.9,214.7
1767,6091.21,308.9,214.0
1768,6094.65,307.9,213.3
1769,6098.10,306.9,212.6
1770,6101.55,305.8,211.9
1771,6104.99,304.8,211.2
1772,6108.44,303.8,210.5
1773,6111.89,302.8,209.8
1774,6115.34,301.7,209.0
1775,6118.78,300.7,208.3
1776,6122.23,299.6,207.6
1777,6125.68,298.6,206.9
1778,6129.12,297.6,206.2
1779,6132.57,296.5,205.4
1780,6136.02,295.4,204.7
1781,6139.47,294.4,204.0
1782,6142.91,293.3,203.2
1783,6146.36,292.3,202.5
1784,6149.81,291.2,201.7
1785,6153.26,290.1,201.0
1786,6156.70,289.0,200.2
1787,6160.15,287.9,199.5
1788,6163.60,286.9,198.7
1789,6167.04,285.8,198.0
1790,6170.49,284.7,197.2
1791,6173.94,283.6,196.5
1792,6177.39,282.5,195.7
1793,6180.83,281.3,194.9
1794,6184.28,280.2,194.2
1795,6187.73,279.1,193.4
1796,6191.17,278.0,192.6
1797,6194.62,276.9,191.8
1798,6198.07,275.7,191.0
1799,6201.52,274.6,190.2
